image_path,knn_group
dataset_origin/images/train_val/1.jpg,group_0
dataset_origin/images/train_val/10.jpg,group_0
dataset_origin/images/train_val/102.jpg,group_0
dataset_origin/images/train_val/104.jpg,group_0
dataset_origin/images/train_val/112.jpg,group_0
dataset_origin/images/train_val/113.jpg,group_0
dataset_origin/images/train_val/12.jpg,group_0
dataset_origin/images/train_val/125.jpg,group_0
dataset_origin/images/train_val/134.jpg,group_0
dataset_origin/images/train_val/14.jpg,group_0
dataset_origin/images/train_val/15.jpg,group_0
dataset_origin/images/train_val/17.jpg,group_0
dataset_origin/images/train_val/19.jpg,group_0
dataset_origin/images/train_val/2.jpg,group_0
dataset_origin/images/train_val/20.jpg,group_0
dataset_origin/images/train_val/22.jpg,group_0
dataset_origin/images/train_val/225.jpg,group_0
dataset_origin/images/train_val/23.jpg,group_0
dataset_origin/images/train_val/241.jpg,group_0
dataset_origin/images/train_val/25.jpg,group_0
dataset_origin/images/train_val/250.jpg,group_0
dataset_origin/images/train_val/255.jpg,group_0
dataset_origin/images/train_val/256.jpg,group_0
dataset_origin/images/train_val/26.jpg,group_0
dataset_origin/images/train_val/279.jpg,group_0
dataset_origin/images/train_val/287.jpg,group_0
dataset_origin/images/train_val/296.jpg,group_0
dataset_origin/images/train_val/3.jpg,group_0
dataset_origin/images/train_val/300.jpg,group_0
dataset_origin/images/train_val/303.jpg,group_0
dataset_origin/images/train_val/304.jpg,group_0
dataset_origin/images/train_val/305.jpg,group_0
dataset_origin/images/train_val/31.jpg,group_0
dataset_origin/images/train_val/338.jpg,group_0
dataset_origin/images/train_val/34.jpg,group_0
dataset_origin/images/train_val/39.jpg,group_0
dataset_origin/images/train_val/609.jpg,group_0
dataset_origin/images/train_val/615.jpg,group_0
dataset_origin/images/train_val/617.jpg,group_0
dataset_origin/images/train_val/652.jpg,group_0
dataset_origin/images/train_val/653.jpg,group_0
dataset_origin/images/train_val/654.jpg,group_0
dataset_origin/images/train_val/657.jpg,group_0
dataset_origin/images/train_val/658.jpg,group_0
dataset_origin/images/train_val/659.jpg,group_0
dataset_origin/images/train_val/682.jpg,group_0
dataset_origin/images/train_val/684.jpg,group_0
dataset_origin/images/train_val/686.jpg,group_0
dataset_origin/images/train_val/687.jpg,group_0
dataset_origin/images/train_val/689.jpg,group_0
dataset_origin/images/train_val/694.jpg,group_0
dataset_origin/images/train_val/699.jpg,group_0
dataset_origin/images/train_val/704.jpg,group_0
dataset_origin/images/train_val/706.jpg,group_0
dataset_origin/images/train_val/708.jpg,group_0
dataset_origin/images/train_val/720.jpg,group_0
dataset_origin/images/train_val/721.jpg,group_0
dataset_origin/images/train_val/722.jpg,group_0
dataset_origin/images/train_val/723.jpg,group_0
dataset_origin/images/train_val/741.jpg,group_0
dataset_origin/images/train_val/743.jpg,group_0
dataset_origin/images/train_val/744.jpg,group_0
dataset_origin/images/train_val/748.jpg,group_0
dataset_origin/images/train_val/749.jpg,group_0
dataset_origin/images/train_val/751.jpg,group_0
dataset_origin/images/train_val/756.jpg,group_0
dataset_origin/images/train_val/758.jpg,group_0
dataset_origin/images/train_val/759.jpg,group_0
dataset_origin/images/train_val/760.jpg,group_0
dataset_origin/images/train_val/761.jpg,group_0
dataset_origin/images/train_val/774.jpg,group_0
dataset_origin/images/train_val/779.jpg,group_0
dataset_origin/images/train_val/785.jpg,group_0
dataset_origin/images/train_val/786.jpg,group_0
dataset_origin/images/train_val/787.jpg,group_0
dataset_origin/images/train_val/790.jpg,group_0
dataset_origin/images/train_val/794.jpg,group_0
dataset_origin/images/train_val/796.jpg,group_0
dataset_origin/images/train_val/797.jpg,group_0
dataset_origin/images/train_val/8.jpg,group_0
dataset_origin/images/train_val/810.jpg,group_0
dataset_origin/images/train_val/811.jpg,group_0
dataset_origin/images/train_val/815.jpg,group_0
dataset_origin/images/train_val/821.jpg,group_0
dataset_origin/images/train_val/822.jpg,group_0
dataset_origin/images/train_val/846.jpg,group_0
dataset_origin/images/train_val/9.jpg,group_0
dataset_origin/images/train_val/902.jpg,group_0
dataset_origin/images/train_val/903.jpg,group_0
dataset_origin/images/train_val/904.jpg,group_0
dataset_origin/images/train_val/91.jpg,group_0
dataset_origin/images/train_val/941.jpg,group_0
dataset_origin/images/train_val/952.jpg,group_0
dataset_origin/images/train_val/953.jpg,group_0
dataset_origin/images/train_val/955.jpg,group_0
dataset_origin/images/train_val/958.jpg,group_0
dataset_origin/images/train_val/959.jpg,group_0
dataset_origin/images/train_val/96.jpg,group_0
dataset_origin/images/train_val/964.jpg,group_0
dataset_origin/images/train_val/98.jpg,group_0
dataset_origin/images/train_val/99.jpg,group_0
dataset_origin/images/train_val/144.jpg,group_1
dataset_origin/images/train_val/369.jpg,group_1
dataset_origin/images/train_val/370.jpg,group_1
dataset_origin/images/train_val/377.jpg,group_1
dataset_origin/images/train_val/384.jpg,group_1
dataset_origin/images/train_val/388.jpg,group_1
dataset_origin/images/train_val/402.jpg,group_1
dataset_origin/images/train_val/403.jpg,group_1
dataset_origin/images/train_val/455.jpg,group_1
dataset_origin/images/train_val/456.jpg,group_1
dataset_origin/images/train_val/464.jpg,group_1
dataset_origin/images/train_val/470.jpg,group_1
dataset_origin/images/train_val/471.jpg,group_1
dataset_origin/images/train_val/473.jpg,group_1
dataset_origin/images/train_val/474.jpg,group_1
dataset_origin/images/train_val/476.jpg,group_1
dataset_origin/images/train_val/477.jpg,group_1
dataset_origin/images/train_val/479.jpg,group_1
dataset_origin/images/train_val/481.jpg,group_1
dataset_origin/images/train_val/484.jpg,group_1
dataset_origin/images/train_val/488.jpg,group_1
dataset_origin/images/train_val/492.jpg,group_1
dataset_origin/images/train_val/494.jpg,group_1
dataset_origin/images/train_val/508.jpg,group_1
dataset_origin/images/train_val/548.jpg,group_1
dataset_origin/images/train_val/549.jpg,group_1
dataset_origin/images/train_val/551.jpg,group_1
dataset_origin/images/train_val/552.jpg,group_1
dataset_origin/images/train_val/553.jpg,group_1
dataset_origin/images/train_val/556.jpg,group_1
dataset_origin/images/train_val/558.jpg,group_1
dataset_origin/images/train_val/559.jpg,group_1
dataset_origin/images/train_val/563.jpg,group_1
dataset_origin/images/train_val/564.jpg,group_1
dataset_origin/images/train_val/565.jpg,group_1
dataset_origin/images/train_val/568.jpg,group_1
dataset_origin/images/train_val/573.jpg,group_1
dataset_origin/images/train_val/574.jpg,group_1
dataset_origin/images/train_val/581.jpg,group_1
dataset_origin/images/train_val/588.jpg,group_1
dataset_origin/images/train_val/590.jpg,group_1
dataset_origin/images/train_val/593.jpg,group_1
dataset_origin/images/train_val/595.jpg,group_1
dataset_origin/images/train_val/601.jpg,group_1
dataset_origin/images/train_val/602.jpg,group_1
dataset_origin/images/train_val/606.jpg,group_1
dataset_origin/images/train_val/608.jpg,group_1
dataset_origin/images/train_val/872.jpg,group_1
dataset_origin/images/train_val/875.jpg,group_1
dataset_origin/images/train_val/883.jpg,group_1
dataset_origin/images/train_val/886.jpg,group_1
dataset_origin/images/train_val/893.jpg,group_1
dataset_origin/images/train_val/894.jpg,group_1
dataset_origin/images/train_val/138.jpg,group_2
dataset_origin/images/train_val/140.jpg,group_2
dataset_origin/images/train_val/141.jpg,group_2
dataset_origin/images/train_val/142.jpg,group_2
dataset_origin/images/train_val/145.jpg,group_2
dataset_origin/images/train_val/147.jpg,group_2
dataset_origin/images/train_val/152.jpg,group_2
dataset_origin/images/train_val/154.jpg,group_2
dataset_origin/images/train_val/159.jpg,group_2
dataset_origin/images/train_val/160.jpg,group_2
dataset_origin/images/train_val/183.jpg,group_2
dataset_origin/images/train_val/185.jpg,group_2
dataset_origin/images/train_val/186.jpg,group_2
dataset_origin/images/train_val/192.jpg,group_2
dataset_origin/images/train_val/196.jpg,group_2
dataset_origin/images/train_val/199.jpg,group_2
dataset_origin/images/train_val/200.jpg,group_2
dataset_origin/images/train_val/201.jpg,group_2
dataset_origin/images/train_val/210.jpg,group_2
dataset_origin/images/train_val/212.jpg,group_2
dataset_origin/images/train_val/213.jpg,group_2
dataset_origin/images/train_val/215.jpg,group_2
dataset_origin/images/train_val/217.jpg,group_2
dataset_origin/images/train_val/218.jpg,group_2
dataset_origin/images/train_val/219.jpg,group_2
dataset_origin/images/train_val/221.jpg,group_2
dataset_origin/images/train_val/269.jpg,group_2
dataset_origin/images/train_val/270.jpg,group_2
dataset_origin/images/train_val/406.jpg,group_2
dataset_origin/images/train_val/407.jpg,group_2
dataset_origin/images/train_val/408.jpg,group_2
dataset_origin/images/train_val/413.jpg,group_2
dataset_origin/images/train_val/415.jpg,group_2
dataset_origin/images/train_val/418.jpg,group_2
dataset_origin/images/train_val/419.jpg,group_2
dataset_origin/images/train_val/423.jpg,group_2
dataset_origin/images/train_val/542.jpg,group_2
dataset_origin/images/train_val/674.jpg,group_2
dataset_origin/images/train_val/817.jpg,group_2
dataset_origin/images/train_val/818.jpg,group_2
dataset_origin/images/train_val/820.jpg,group_2
dataset_origin/images/train_val/856.jpg,group_2
dataset_origin/images/train_val/857.jpg,group_2
dataset_origin/images/train_val/858.jpg,group_2
dataset_origin/images/train_val/864.jpg,group_2
dataset_origin/images/train_val/877.jpg,group_2
dataset_origin/images/train_val/45.jpg,group_3
dataset_origin/images/train_val/46.jpg,group_3
dataset_origin/images/train_val/47.jpg,group_3
dataset_origin/images/train_val/48.jpg,group_3
dataset_origin/images/train_val/49.jpg,group_3
dataset_origin/images/train_val/50.jpg,group_3
dataset_origin/images/train_val/51.jpg,group_3
dataset_origin/images/train_val/52.jpg,group_3
dataset_origin/images/train_val/53.jpg,group_3
dataset_origin/images/train_val/54.jpg,group_3
dataset_origin/images/train_val/55.jpg,group_3
dataset_origin/images/train_val/56.jpg,group_3
dataset_origin/images/train_val/57.jpg,group_3
dataset_origin/images/train_val/58.jpg,group_3
dataset_origin/images/train_val/60.jpg,group_3
dataset_origin/images/train_val/62.jpg,group_3
dataset_origin/images/train_val/63.jpg,group_3
dataset_origin/images/train_val/64.jpg,group_3
dataset_origin/images/train_val/65.jpg,group_3
dataset_origin/images/train_val/66.jpg,group_3
dataset_origin/images/train_val/67.jpg,group_3
dataset_origin/images/train_val/68.jpg,group_3
dataset_origin/images/train_val/69.jpg,group_3
dataset_origin/images/train_val/71.jpg,group_3
dataset_origin/images/train_val/72.jpg,group_3
dataset_origin/images/train_val/73.jpg,group_3
dataset_origin/images/train_val/75.jpg,group_3
dataset_origin/images/train_val/76.jpg,group_3
dataset_origin/images/train_val/77.jpg,group_3
dataset_origin/images/train_val/78.jpg,group_3
dataset_origin/images/train_val/79.jpg,group_3
dataset_origin/images/train_val/799.jpg,group_3
dataset_origin/images/train_val/800.jpg,group_3
dataset_origin/images/train_val/801.jpg,group_3
dataset_origin/images/train_val/802.jpg,group_3
dataset_origin/images/train_val/803.jpg,group_3
dataset_origin/images/train_val/804.jpg,group_3
dataset_origin/images/train_val/632.jpg,group_4
dataset_origin/images/train_val/633.jpg,group_4
dataset_origin/images/train_val/634.jpg,group_4
dataset_origin/images/train_val/638.jpg,group_4
dataset_origin/images/train_val/639.jpg,group_4
dataset_origin/images/train_val/640.jpg,group_4
dataset_origin/images/train_val/641.jpg,group_4
dataset_origin/images/train_val/647.jpg,group_4
dataset_origin/images/train_val/650.jpg,group_4
dataset_origin/images/train_val/651.jpg,group_4
dataset_origin/images/train_val/906.jpg,group_4
dataset_origin/images/train_val/909.jpg,group_4
dataset_origin/images/train_val/911.jpg,group_4
dataset_origin/images/train_val/912.jpg,group_4
dataset_origin/images/train_val/913.jpg,group_4
dataset_origin/images/train_val/914.jpg,group_4
dataset_origin/images/train_val/915.jpg,group_4
dataset_origin/images/train_val/916.jpg,group_4
dataset_origin/images/train_val/917.jpg,group_4
dataset_origin/images/train_val/923.jpg,group_4
dataset_origin/images/train_val/925.jpg,group_4
dataset_origin/images/train_val/927.jpg,group_4
dataset_origin/images/train_val/928.jpg,group_4
dataset_origin/images/train_val/929.jpg,group_4
dataset_origin/images/train_val/931.jpg,group_4
dataset_origin/images/train_val/1028.jpg,group_5
dataset_origin/images/train_val/1030.jpg,group_5
dataset_origin/images/train_val/1031.jpg,group_5
dataset_origin/images/train_val/222.jpg,group_5
dataset_origin/images/train_val/371.jpg,group_5
dataset_origin/images/train_val/376.jpg,group_5
dataset_origin/images/train_val/378.jpg,group_5
dataset_origin/images/train_val/379.jpg,group_5
dataset_origin/images/train_val/380.jpg,group_5
dataset_origin/images/train_val/381.jpg,group_5
dataset_origin/images/train_val/382.jpg,group_5
dataset_origin/images/train_val/383.jpg,group_5
dataset_origin/images/train_val/385.jpg,group_5
dataset_origin/images/train_val/387.jpg,group_5
dataset_origin/images/train_val/389.jpg,group_5
dataset_origin/images/train_val/404.jpg,group_5
dataset_origin/images/train_val/427.jpg,group_5
dataset_origin/images/train_val/428.jpg,group_5
dataset_origin/images/train_val/430.jpg,group_5
dataset_origin/images/train_val/454.jpg,group_5
dataset_origin/images/train_val/458.jpg,group_5
dataset_origin/images/train_val/460.jpg,group_5
dataset_origin/images/train_val/465.jpg,group_5
dataset_origin/images/train_val/468.jpg,group_5
dataset_origin/images/train_val/482.jpg,group_5
dataset_origin/images/train_val/486.jpg,group_5
dataset_origin/images/train_val/487.jpg,group_5
dataset_origin/images/train_val/489.jpg,group_5
dataset_origin/images/train_val/491.jpg,group_5
dataset_origin/images/train_val/493.jpg,group_5
dataset_origin/images/train_val/540.jpg,group_5
dataset_origin/images/train_val/545.jpg,group_5
dataset_origin/images/train_val/550.jpg,group_5
dataset_origin/images/train_val/554.jpg,group_5
dataset_origin/images/train_val/560.jpg,group_5
dataset_origin/images/train_val/566.jpg,group_5
dataset_origin/images/train_val/567.jpg,group_5
dataset_origin/images/train_val/589.jpg,group_5
dataset_origin/images/train_val/592.jpg,group_5
dataset_origin/images/train_val/594.jpg,group_5
dataset_origin/images/train_val/596.jpg,group_5
dataset_origin/images/train_val/597.jpg,group_5
dataset_origin/images/train_val/599.jpg,group_5
dataset_origin/images/train_val/874.jpg,group_5
dataset_origin/images/train_val/879.jpg,group_5
dataset_origin/images/train_val/880.jpg,group_5
dataset_origin/images/train_val/881.jpg,group_5
dataset_origin/images/train_val/892.jpg,group_5
dataset_origin/images/train_val/896.jpg,group_5
dataset_origin/images/train_val/223.jpg,group_6
dataset_origin/images/train_val/224.jpg,group_6
dataset_origin/images/train_val/266.jpg,group_6
dataset_origin/images/train_val/272.jpg,group_6
dataset_origin/images/train_val/339.jpg,group_6
dataset_origin/images/train_val/340.jpg,group_6
dataset_origin/images/train_val/342.jpg,group_6
dataset_origin/images/train_val/343.jpg,group_6
dataset_origin/images/train_val/344.jpg,group_6
dataset_origin/images/train_val/348.jpg,group_6
dataset_origin/images/train_val/350.jpg,group_6
dataset_origin/images/train_val/351.jpg,group_6
dataset_origin/images/train_val/352.jpg,group_6
dataset_origin/images/train_val/353.jpg,group_6
dataset_origin/images/train_val/354.jpg,group_6
dataset_origin/images/train_val/355.jpg,group_6
dataset_origin/images/train_val/356.jpg,group_6
dataset_origin/images/train_val/357.jpg,group_6
dataset_origin/images/train_val/358.jpg,group_6
dataset_origin/images/train_val/360.jpg,group_6
dataset_origin/images/train_val/361.jpg,group_6
dataset_origin/images/train_val/362.jpg,group_6
dataset_origin/images/train_val/363.jpg,group_6
dataset_origin/images/train_val/364.jpg,group_6
dataset_origin/images/train_val/366.jpg,group_6
dataset_origin/images/train_val/661.jpg,group_6
dataset_origin/images/train_val/663.jpg,group_6
dataset_origin/images/train_val/664.jpg,group_6
dataset_origin/images/train_val/668.jpg,group_6
dataset_origin/images/train_val/669.jpg,group_6
dataset_origin/images/train_val/671.jpg,group_6
dataset_origin/images/train_val/672.jpg,group_6
dataset_origin/images/train_val/673.jpg,group_6
dataset_origin/images/train_val/675.jpg,group_6
dataset_origin/images/train_val/676.jpg,group_6
dataset_origin/images/train_val/677.jpg,group_6
dataset_origin/images/train_val/678.jpg,group_6
dataset_origin/images/train_val/834.jpg,group_6
dataset_origin/images/train_val/85.jpg,group_6
dataset_origin/images/train_val/853.jpg,group_6
dataset_origin/images/train_val/943.jpg,group_6
dataset_origin/images/train_val/945.jpg,group_6
dataset_origin/images/train_val/947.jpg,group_6
dataset_origin/images/train_val/227.jpg,group_7
dataset_origin/images/train_val/229.jpg,group_7
dataset_origin/images/train_val/230.jpg,group_7
dataset_origin/images/train_val/231.jpg,group_7
dataset_origin/images/train_val/233.jpg,group_7
dataset_origin/images/train_val/495.jpg,group_7
dataset_origin/images/train_val/496.jpg,group_7
dataset_origin/images/train_val/499.jpg,group_7
dataset_origin/images/train_val/502.jpg,group_7
dataset_origin/images/train_val/503.jpg,group_7
dataset_origin/images/train_val/505.jpg,group_7
dataset_origin/images/train_val/506.jpg,group_7
dataset_origin/images/train_val/507.jpg,group_7
dataset_origin/images/train_val/509.jpg,group_7
dataset_origin/images/train_val/512.jpg,group_7
dataset_origin/images/train_val/514.jpg,group_7
dataset_origin/images/train_val/515.jpg,group_7
dataset_origin/images/train_val/516.jpg,group_7
dataset_origin/images/train_val/518.jpg,group_7
dataset_origin/images/train_val/523.jpg,group_7
dataset_origin/images/train_val/528.jpg,group_7
dataset_origin/images/train_val/529.jpg,group_7
dataset_origin/images/train_val/530.jpg,group_7
dataset_origin/images/train_val/531.jpg,group_7
dataset_origin/images/train_val/533.jpg,group_7
dataset_origin/images/train_val/535.jpg,group_7
dataset_origin/images/train_val/537.jpg,group_7
dataset_origin/images/train_val/561.jpg,group_7
dataset_origin/images/train_val/571.jpg,group_7
dataset_origin/images/train_val/575.jpg,group_7
dataset_origin/images/train_val/576.jpg,group_7
dataset_origin/images/train_val/578.jpg,group_7
dataset_origin/images/train_val/582.jpg,group_7
dataset_origin/images/train_val/583.jpg,group_7
dataset_origin/images/train_val/584.jpg,group_7
dataset_origin/images/train_val/585.jpg,group_7
dataset_origin/images/train_val/587.jpg,group_7
dataset_origin/images/train_val/868.jpg,group_7
dataset_origin/images/train_val/870.jpg,group_7
dataset_origin/images/train_val/871.jpg,group_7
dataset_origin/images/train_val/885.jpg,group_7
dataset_origin/images/train_val/888.jpg,group_7
dataset_origin/images/train_val/156.jpg,group_8
dataset_origin/images/train_val/157.jpg,group_8
dataset_origin/images/train_val/158.jpg,group_8
dataset_origin/images/train_val/267.jpg,group_8
dataset_origin/images/train_val/346.jpg,group_8
dataset_origin/images/train_val/347.jpg,group_8
dataset_origin/images/train_val/393.jpg,group_8
dataset_origin/images/train_val/395.jpg,group_8
dataset_origin/images/train_val/396.jpg,group_8
dataset_origin/images/train_val/397.jpg,group_8
dataset_origin/images/train_val/398.jpg,group_8
dataset_origin/images/train_val/400.jpg,group_8
dataset_origin/images/train_val/425.jpg,group_8
dataset_origin/images/train_val/426.jpg,group_8
dataset_origin/images/train_val/434.jpg,group_8
dataset_origin/images/train_val/442.jpg,group_8
dataset_origin/images/train_val/450.jpg,group_8
dataset_origin/images/train_val/762.jpg,group_8
dataset_origin/images/train_val/837.jpg,group_8
dataset_origin/images/train_val/851.jpg,group_8
dataset_origin/images/train_val/852.jpg,group_8
dataset_origin/images/train_val/854.jpg,group_8
dataset_origin/images/train_val/855.jpg,group_8
dataset_origin/images/train_val/865.jpg,group_8
dataset_origin/images/train_val/867.jpg,group_8
dataset_origin/images/train_val/139.jpg,group_9
dataset_origin/images/train_val/143.jpg,group_9
dataset_origin/images/train_val/146.jpg,group_9
dataset_origin/images/train_val/148.jpg,group_9
dataset_origin/images/train_val/151.jpg,group_9
dataset_origin/images/train_val/153.jpg,group_9
dataset_origin/images/train_val/162.jpg,group_9
dataset_origin/images/train_val/163.jpg,group_9
dataset_origin/images/train_val/164.jpg,group_9
dataset_origin/images/train_val/165.jpg,group_9
dataset_origin/images/train_val/166.jpg,group_9
dataset_origin/images/train_val/168.jpg,group_9
dataset_origin/images/train_val/169.jpg,group_9
dataset_origin/images/train_val/170.jpg,group_9
dataset_origin/images/train_val/171.jpg,group_9
dataset_origin/images/train_val/172.jpg,group_9
dataset_origin/images/train_val/173.jpg,group_9
dataset_origin/images/train_val/175.jpg,group_9
dataset_origin/images/train_val/176.jpg,group_9
dataset_origin/images/train_val/179.jpg,group_9
dataset_origin/images/train_val/180.jpg,group_9
dataset_origin/images/train_val/181.jpg,group_9
dataset_origin/images/train_val/182.jpg,group_9
dataset_origin/images/train_val/189.jpg,group_9
dataset_origin/images/train_val/190.jpg,group_9
dataset_origin/images/train_val/193.jpg,group_9
dataset_origin/images/train_val/195.jpg,group_9
dataset_origin/images/train_val/202.jpg,group_9
dataset_origin/images/train_val/204.jpg,group_9
dataset_origin/images/train_val/206.jpg,group_9
dataset_origin/images/train_val/207.jpg,group_9
dataset_origin/images/train_val/208.jpg,group_9
dataset_origin/images/train_val/209.jpg,group_9
dataset_origin/images/train_val/211.jpg,group_9
dataset_origin/images/train_val/214.jpg,group_9
dataset_origin/images/train_val/216.jpg,group_9
dataset_origin/images/train_val/220.jpg,group_9
dataset_origin/images/train_val/367.jpg,group_9
dataset_origin/images/train_val/412.jpg,group_9
dataset_origin/images/train_val/420.jpg,group_9
dataset_origin/images/train_val/557.jpg,group_9
dataset_origin/images/train_val/819.jpg,group_9
dataset_origin/images/train_val/859.jpg,group_9
dataset_origin/images/train_val/891.jpg,group_9
dataset_origin/images/train_val/1002.jpg,group_10
dataset_origin/images/train_val/306.jpg,group_10
dataset_origin/images/train_val/307.jpg,group_10
dataset_origin/images/train_val/309.jpg,group_10
dataset_origin/images/train_val/310.jpg,group_10
dataset_origin/images/train_val/312.jpg,group_10
dataset_origin/images/train_val/313.jpg,group_10
dataset_origin/images/train_val/314.jpg,group_10
dataset_origin/images/train_val/317.jpg,group_10
dataset_origin/images/train_val/319.jpg,group_10
dataset_origin/images/train_val/320.jpg,group_10
dataset_origin/images/train_val/321.jpg,group_10
dataset_origin/images/train_val/322.jpg,group_10
dataset_origin/images/train_val/422.jpg,group_10
dataset_origin/images/train_val/649.jpg,group_10
dataset_origin/images/train_val/848.jpg,group_10
dataset_origin/images/train_val/177.jpg,group_11
dataset_origin/images/train_val/421.jpg,group_11
dataset_origin/images/train_val/620.jpg,group_11
dataset_origin/images/train_val/622.jpg,group_11
dataset_origin/images/train_val/623.jpg,group_11
dataset_origin/images/train_val/625.jpg,group_11
dataset_origin/images/train_val/626.jpg,group_11
dataset_origin/images/train_val/836.jpg,group_11
dataset_origin/images/train_val/905.jpg,group_11
dataset_origin/images/train_val/918.jpg,group_11
dataset_origin/images/train_val/919.jpg,group_11
dataset_origin/images/train_val/920.jpg,group_11
dataset_origin/images/train_val/924.jpg,group_11
dataset_origin/images/train_val/933.jpg,group_11
dataset_origin/images/train_val/934.jpg,group_11
dataset_origin/images/train_val/935.jpg,group_11
dataset_origin/images/train_val/936.jpg,group_11
dataset_origin/images/train_val/937.jpg,group_11
dataset_origin/images/train_val/940.jpg,group_11
dataset_origin/images/train_val/1037.jpg,group_12
dataset_origin/images/train_val/107.jpg,group_12
dataset_origin/images/train_val/110.jpg,group_12
dataset_origin/images/train_val/118.jpg,group_12
dataset_origin/images/train_val/18.jpg,group_12
dataset_origin/images/train_val/234.jpg,group_12
dataset_origin/images/train_val/24.jpg,group_12
dataset_origin/images/train_val/240.jpg,group_12
dataset_origin/images/train_val/258.jpg,group_12
dataset_origin/images/train_val/263.jpg,group_12
dataset_origin/images/train_val/29.jpg,group_12
dataset_origin/images/train_val/290.jpg,group_12
dataset_origin/images/train_val/298.jpg,group_12
dataset_origin/images/train_val/30.jpg,group_12
dataset_origin/images/train_val/323.jpg,group_12
dataset_origin/images/train_val/324.jpg,group_12
dataset_origin/images/train_val/325.jpg,group_12
dataset_origin/images/train_val/326.jpg,group_12
dataset_origin/images/train_val/329.jpg,group_12
dataset_origin/images/train_val/330.jpg,group_12
dataset_origin/images/train_val/4.jpg,group_12
dataset_origin/images/train_val/683.jpg,group_12
dataset_origin/images/train_val/714.jpg,group_12
dataset_origin/images/train_val/724.jpg,group_12
dataset_origin/images/train_val/725.jpg,group_12
dataset_origin/images/train_val/727.jpg,group_12
dataset_origin/images/train_val/737.jpg,group_12
dataset_origin/images/train_val/753.jpg,group_12
dataset_origin/images/train_val/81.jpg,group_12
dataset_origin/images/train_val/812.jpg,group_12
dataset_origin/images/train_val/824.jpg,group_12
dataset_origin/images/train_val/828.jpg,group_12
dataset_origin/images/train_val/829.jpg,group_12
dataset_origin/images/train_val/843.jpg,group_12
dataset_origin/images/train_val/850.jpg,group_12
dataset_origin/images/train_val/87.jpg,group_12
dataset_origin/images/train_val/89.jpg,group_12
dataset_origin/images/train_val/92.jpg,group_12
dataset_origin/images/train_val/94.jpg,group_12
dataset_origin/images/train_val/965.jpg,group_12
dataset_origin/images/train_val/1038.jpg,group_13
dataset_origin/images/train_val/108.jpg,group_13
dataset_origin/images/train_val/21.jpg,group_13
dataset_origin/images/train_val/259.jpg,group_13
dataset_origin/images/train_val/260.jpg,group_13
dataset_origin/images/train_val/265.jpg,group_13
dataset_origin/images/train_val/341.jpg,group_13
dataset_origin/images/train_val/345.jpg,group_13
dataset_origin/images/train_val/359.jpg,group_13
dataset_origin/images/train_val/365.jpg,group_13
dataset_origin/images/train_val/610.jpg,group_13
dataset_origin/images/train_val/612.jpg,group_13
dataset_origin/images/train_val/680.jpg,group_13
dataset_origin/images/train_val/681.jpg,group_13
dataset_origin/images/train_val/775.jpg,group_13
dataset_origin/images/train_val/830.jpg,group_13
dataset_origin/images/train_val/831.jpg,group_13
dataset_origin/images/train_val/832.jpg,group_13
dataset_origin/images/train_val/833.jpg,group_13
dataset_origin/images/train_val/835.jpg,group_13
dataset_origin/images/train_val/838.jpg,group_13
dataset_origin/images/train_val/866.jpg,group_13
dataset_origin/images/train_val/876.jpg,group_13
dataset_origin/images/train_val/897.jpg,group_13
dataset_origin/images/train_val/949.jpg,group_13
dataset_origin/images/train_val/95.jpg,group_13
dataset_origin/images/train_val/963.jpg,group_13
dataset_origin/images/train_val/974.jpg,group_13
dataset_origin/images/train_val/103.jpg,group_14
dataset_origin/images/train_val/105.jpg,group_14
dataset_origin/images/train_val/1057.jpg,group_14
dataset_origin/images/train_val/111.jpg,group_14
dataset_origin/images/train_val/119.jpg,group_14
dataset_origin/images/train_val/121.jpg,group_14
dataset_origin/images/train_val/122.jpg,group_14
dataset_origin/images/train_val/123.jpg,group_14
dataset_origin/images/train_val/124.jpg,group_14
dataset_origin/images/train_val/127.jpg,group_14
dataset_origin/images/train_val/129.jpg,group_14
dataset_origin/images/train_val/130.jpg,group_14
dataset_origin/images/train_val/132.jpg,group_14
dataset_origin/images/train_val/133.jpg,group_14
dataset_origin/images/train_val/135.jpg,group_14
dataset_origin/images/train_val/136.jpg,group_14
dataset_origin/images/train_val/137.jpg,group_14
dataset_origin/images/train_val/238.jpg,group_14
dataset_origin/images/train_val/244.jpg,group_14
dataset_origin/images/train_val/245.jpg,group_14
dataset_origin/images/train_val/247.jpg,group_14
dataset_origin/images/train_val/248.jpg,group_14
dataset_origin/images/train_val/252.jpg,group_14
dataset_origin/images/train_val/253.jpg,group_14
dataset_origin/images/train_val/27.jpg,group_14
dataset_origin/images/train_val/275.jpg,group_14
dataset_origin/images/train_val/276.jpg,group_14
dataset_origin/images/train_val/278.jpg,group_14
dataset_origin/images/train_val/28.jpg,group_14
dataset_origin/images/train_val/281.jpg,group_14
dataset_origin/images/train_val/282.jpg,group_14
dataset_origin/images/train_val/283.jpg,group_14
dataset_origin/images/train_val/285.jpg,group_14
dataset_origin/images/train_val/286.jpg,group_14
dataset_origin/images/train_val/288.jpg,group_14
dataset_origin/images/train_val/289.jpg,group_14
dataset_origin/images/train_val/291.jpg,group_14
dataset_origin/images/train_val/292.jpg,group_14
dataset_origin/images/train_val/294.jpg,group_14
dataset_origin/images/train_val/299.jpg,group_14
dataset_origin/images/train_val/301.jpg,group_14
dataset_origin/images/train_val/33.jpg,group_14
dataset_origin/images/train_val/35.jpg,group_14
dataset_origin/images/train_val/36.jpg,group_14
dataset_origin/images/train_val/37.jpg,group_14
dataset_origin/images/train_val/38.jpg,group_14
dataset_origin/images/train_val/41.jpg,group_14
dataset_origin/images/train_val/42.jpg,group_14
dataset_origin/images/train_val/43.jpg,group_14
dataset_origin/images/train_val/44.jpg,group_14
dataset_origin/images/train_val/5.jpg,group_14
dataset_origin/images/train_val/6.jpg,group_14
dataset_origin/images/train_val/619.jpg,group_14
dataset_origin/images/train_val/656.jpg,group_14
dataset_origin/images/train_val/690.jpg,group_14
dataset_origin/images/train_val/691.jpg,group_14
dataset_origin/images/train_val/692.jpg,group_14
dataset_origin/images/train_val/695.jpg,group_14
dataset_origin/images/train_val/698.jpg,group_14
dataset_origin/images/train_val/7.jpg,group_14
dataset_origin/images/train_val/700.jpg,group_14
dataset_origin/images/train_val/701.jpg,group_14
dataset_origin/images/train_val/702.jpg,group_14
dataset_origin/images/train_val/703.jpg,group_14
dataset_origin/images/train_val/705.jpg,group_14
dataset_origin/images/train_val/709.jpg,group_14
dataset_origin/images/train_val/710.jpg,group_14
dataset_origin/images/train_val/712.jpg,group_14
dataset_origin/images/train_val/713.jpg,group_14
dataset_origin/images/train_val/715.jpg,group_14
dataset_origin/images/train_val/716.jpg,group_14
dataset_origin/images/train_val/717.jpg,group_14
dataset_origin/images/train_val/719.jpg,group_14
dataset_origin/images/train_val/728.jpg,group_14
dataset_origin/images/train_val/729.jpg,group_14
dataset_origin/images/train_val/730.jpg,group_14
dataset_origin/images/train_val/731.jpg,group_14
dataset_origin/images/train_val/732.jpg,group_14
dataset_origin/images/train_val/734.jpg,group_14
dataset_origin/images/train_val/735.jpg,group_14
dataset_origin/images/train_val/736.jpg,group_14
dataset_origin/images/train_val/739.jpg,group_14
dataset_origin/images/train_val/740.jpg,group_14
dataset_origin/images/train_val/745.jpg,group_14
dataset_origin/images/train_val/746.jpg,group_14
dataset_origin/images/train_val/747.jpg,group_14
dataset_origin/images/train_val/763.jpg,group_14
dataset_origin/images/train_val/765.jpg,group_14
dataset_origin/images/train_val/767.jpg,group_14
dataset_origin/images/train_val/769.jpg,group_14
dataset_origin/images/train_val/793.jpg,group_14
dataset_origin/images/train_val/816.jpg,group_14
dataset_origin/images/train_val/823.jpg,group_14
dataset_origin/images/train_val/826.jpg,group_14
dataset_origin/images/train_val/827.jpg,group_14
dataset_origin/images/train_val/839.jpg,group_14
dataset_origin/images/train_val/841.jpg,group_14
dataset_origin/images/train_val/844.jpg,group_14
dataset_origin/images/train_val/845.jpg,group_14
dataset_origin/images/train_val/898.jpg,group_14
dataset_origin/images/train_val/954.jpg,group_14
dataset_origin/images/train_val/956.jpg,group_14
dataset_origin/images/train_val/957.jpg,group_14
dataset_origin/images/train_val/960.jpg,group_14
dataset_origin/images/train_val/966.jpg,group_14
dataset_origin/images/train_val/968.jpg,group_14
dataset_origin/images/train_val/97.jpg,group_14
dataset_origin/images/train_val/972.jpg,group_14
dataset_origin/images/train_val/973.jpg,group_14
dataset_origin/images/train_val/985.jpg,group_14
dataset_origin/images/train_val/991.jpg,group_14
dataset_origin/images/train_val/228.jpg,group_15
dataset_origin/images/train_val/368.jpg,group_15
dataset_origin/images/train_val/375.jpg,group_15
dataset_origin/images/train_val/386.jpg,group_15
dataset_origin/images/train_val/478.jpg,group_15
dataset_origin/images/train_val/480.jpg,group_15
dataset_origin/images/train_val/483.jpg,group_15
dataset_origin/images/train_val/490.jpg,group_15
dataset_origin/images/train_val/497.jpg,group_15
dataset_origin/images/train_val/498.jpg,group_15
dataset_origin/images/train_val/500.jpg,group_15
dataset_origin/images/train_val/504.jpg,group_15
dataset_origin/images/train_val/510.jpg,group_15
dataset_origin/images/train_val/511.jpg,group_15
dataset_origin/images/train_val/517.jpg,group_15
dataset_origin/images/train_val/520.jpg,group_15
dataset_origin/images/train_val/524.jpg,group_15
dataset_origin/images/train_val/526.jpg,group_15
dataset_origin/images/train_val/532.jpg,group_15
dataset_origin/images/train_val/534.jpg,group_15
dataset_origin/images/train_val/536.jpg,group_15
dataset_origin/images/train_val/539.jpg,group_15
dataset_origin/images/train_val/569.jpg,group_15
dataset_origin/images/train_val/570.jpg,group_15
dataset_origin/images/train_val/572.jpg,group_15
dataset_origin/images/train_val/577.jpg,group_15
dataset_origin/images/train_val/580.jpg,group_15
dataset_origin/images/train_val/586.jpg,group_15
dataset_origin/images/train_val/604.jpg,group_15
dataset_origin/images/train_val/605.jpg,group_15
dataset_origin/images/train_val/607.jpg,group_15
dataset_origin/images/train_val/869.jpg,group_15
dataset_origin/images/train_val/873.jpg,group_15
dataset_origin/images/train_val/887.jpg,group_15
dataset_origin/images/train_val/890.jpg,group_15
dataset_origin/images/train_val/895.jpg,group_15
dataset_origin/images/train_val/1003.jpg,group_16
dataset_origin/images/train_val/1039.jpg,group_16
dataset_origin/images/train_val/178.jpg,group_16
dataset_origin/images/train_val/268.jpg,group_16
dataset_origin/images/train_val/308.jpg,group_16
dataset_origin/images/train_val/311.jpg,group_16
dataset_origin/images/train_val/405.jpg,group_16
dataset_origin/images/train_val/416.jpg,group_16
dataset_origin/images/train_val/417.jpg,group_16
dataset_origin/images/train_val/621.jpg,group_16
dataset_origin/images/train_val/624.jpg,group_16
dataset_origin/images/train_val/627.jpg,group_16
dataset_origin/images/train_val/628.jpg,group_16
dataset_origin/images/train_val/629.jpg,group_16
dataset_origin/images/train_val/630.jpg,group_16
dataset_origin/images/train_val/631.jpg,group_16
dataset_origin/images/train_val/635.jpg,group_16
dataset_origin/images/train_val/636.jpg,group_16
dataset_origin/images/train_val/642.jpg,group_16
dataset_origin/images/train_val/643.jpg,group_16
dataset_origin/images/train_val/644.jpg,group_16
dataset_origin/images/train_val/645.jpg,group_16
dataset_origin/images/train_val/847.jpg,group_16
dataset_origin/images/train_val/863.jpg,group_16
dataset_origin/images/train_val/907.jpg,group_16
dataset_origin/images/train_val/908.jpg,group_16
dataset_origin/images/train_val/910.jpg,group_16
dataset_origin/images/train_val/922.jpg,group_16
dataset_origin/images/train_val/926.jpg,group_16
dataset_origin/images/train_val/930.jpg,group_16
dataset_origin/images/train_val/938.jpg,group_16
dataset_origin/images/train_val/939.jpg,group_16
dataset_origin/images/train_val/1058.jpg,group_17
dataset_origin/images/train_val/115.jpg,group_17
dataset_origin/images/train_val/116.jpg,group_17
dataset_origin/images/train_val/117.jpg,group_17
dataset_origin/images/train_val/120.jpg,group_17
dataset_origin/images/train_val/128.jpg,group_17
dataset_origin/images/train_val/16.jpg,group_17
dataset_origin/images/train_val/239.jpg,group_17
dataset_origin/images/train_val/242.jpg,group_17
dataset_origin/images/train_val/246.jpg,group_17
dataset_origin/images/train_val/249.jpg,group_17
dataset_origin/images/train_val/251.jpg,group_17
dataset_origin/images/train_val/254.jpg,group_17
dataset_origin/images/train_val/262.jpg,group_17
dataset_origin/images/train_val/274.jpg,group_17
dataset_origin/images/train_val/277.jpg,group_17
dataset_origin/images/train_val/280.jpg,group_17
dataset_origin/images/train_val/284.jpg,group_17
dataset_origin/images/train_val/293.jpg,group_17
dataset_origin/images/train_val/295.jpg,group_17
dataset_origin/images/train_val/297.jpg,group_17
dataset_origin/images/train_val/302.jpg,group_17
dataset_origin/images/train_val/32.jpg,group_17
dataset_origin/images/train_val/327.jpg,group_17
dataset_origin/images/train_val/328.jpg,group_17
dataset_origin/images/train_val/331.jpg,group_17
dataset_origin/images/train_val/332.jpg,group_17
dataset_origin/images/train_val/333.jpg,group_17
dataset_origin/images/train_val/334.jpg,group_17
dataset_origin/images/train_val/336.jpg,group_17
dataset_origin/images/train_val/40.jpg,group_17
dataset_origin/images/train_val/688.jpg,group_17
dataset_origin/images/train_val/693.jpg,group_17
dataset_origin/images/train_val/696.jpg,group_17
dataset_origin/images/train_val/707.jpg,group_17
dataset_origin/images/train_val/711.jpg,group_17
dataset_origin/images/train_val/738.jpg,group_17
dataset_origin/images/train_val/742.jpg,group_17
dataset_origin/images/train_val/750.jpg,group_17
dataset_origin/images/train_val/752.jpg,group_17
dataset_origin/images/train_val/768.jpg,group_17
dataset_origin/images/train_val/770.jpg,group_17
dataset_origin/images/train_val/773.jpg,group_17
dataset_origin/images/train_val/783.jpg,group_17
dataset_origin/images/train_val/784.jpg,group_17
dataset_origin/images/train_val/814.jpg,group_17
dataset_origin/images/train_val/825.jpg,group_17
dataset_origin/images/train_val/840.jpg,group_17
dataset_origin/images/train_val/842.jpg,group_17
dataset_origin/images/train_val/849.jpg,group_17
dataset_origin/images/train_val/951.jpg,group_17
dataset_origin/images/train_val/967.jpg,group_17
dataset_origin/images/train_val/969.jpg,group_17
dataset_origin/images/train_val/971.jpg,group_17
dataset_origin/images/train_val/978.jpg,group_17
dataset_origin/images/train_val/988.jpg,group_17
dataset_origin/images/train_val/150.jpg,group_18
dataset_origin/images/train_val/161.jpg,group_18
dataset_origin/images/train_val/167.jpg,group_18
dataset_origin/images/train_val/184.jpg,group_18
dataset_origin/images/train_val/187.jpg,group_18
dataset_origin/images/train_val/188.jpg,group_18
dataset_origin/images/train_val/194.jpg,group_18
dataset_origin/images/train_val/197.jpg,group_18
dataset_origin/images/train_val/198.jpg,group_18
dataset_origin/images/train_val/205.jpg,group_18
dataset_origin/images/train_val/390.jpg,group_18
dataset_origin/images/train_val/391.jpg,group_18
dataset_origin/images/train_val/392.jpg,group_18
dataset_origin/images/train_val/394.jpg,group_18
dataset_origin/images/train_val/432.jpg,group_18
dataset_origin/images/train_val/435.jpg,group_18
dataset_origin/images/train_val/436.jpg,group_18
dataset_origin/images/train_val/437.jpg,group_18
dataset_origin/images/train_val/438.jpg,group_18
dataset_origin/images/train_val/439.jpg,group_18
dataset_origin/images/train_val/440.jpg,group_18
dataset_origin/images/train_val/441.jpg,group_18
dataset_origin/images/train_val/443.jpg,group_18
dataset_origin/images/train_val/445.jpg,group_18
dataset_origin/images/train_val/446.jpg,group_18
dataset_origin/images/train_val/447.jpg,group_18
dataset_origin/images/train_val/448.jpg,group_18
dataset_origin/images/train_val/449.jpg,group_18
dataset_origin/images/train_val/451.jpg,group_18
dataset_origin/images/train_val/452.jpg,group_18
dataset_origin/images/train_val/453.jpg,group_18
dataset_origin/images/train_val/457.jpg,group_18
dataset_origin/images/train_val/459.jpg,group_18
dataset_origin/images/train_val/461.jpg,group_18
dataset_origin/images/train_val/462.jpg,group_18
dataset_origin/images/train_val/466.jpg,group_18
dataset_origin/images/train_val/467.jpg,group_18
dataset_origin/images/train_val/541.jpg,group_18
dataset_origin/images/train_val/543.jpg,group_18
dataset_origin/images/train_val/544.jpg,group_18
dataset_origin/images/train_val/547.jpg,group_18
dataset_origin/images/train_val/600.jpg,group_18
dataset_origin/images/train_val/878.jpg,group_18
dataset_origin/images/train_val/1055.jpg,group_19
dataset_origin/images/train_val/114.jpg,group_19
dataset_origin/images/train_val/126.jpg,group_19
dataset_origin/images/train_val/13.jpg,group_19
dataset_origin/images/train_val/235.jpg,group_19
dataset_origin/images/train_val/236.jpg,group_19
dataset_origin/images/train_val/243.jpg,group_19
dataset_origin/images/train_val/257.jpg,group_19
dataset_origin/images/train_val/337.jpg,group_19
dataset_origin/images/train_val/611.jpg,group_19
dataset_origin/images/train_val/613.jpg,group_19
dataset_origin/images/train_val/614.jpg,group_19
dataset_origin/images/train_val/618.jpg,group_19
dataset_origin/images/train_val/660.jpg,group_19
dataset_origin/images/train_val/662.jpg,group_19
dataset_origin/images/train_val/666.jpg,group_19
dataset_origin/images/train_val/667.jpg,group_19
dataset_origin/images/train_val/670.jpg,group_19
dataset_origin/images/train_val/679.jpg,group_19
dataset_origin/images/train_val/726.jpg,group_19
dataset_origin/images/train_val/755.jpg,group_19
dataset_origin/images/train_val/764.jpg,group_19
dataset_origin/images/train_val/771.jpg,group_19
dataset_origin/images/train_val/776.jpg,group_19
dataset_origin/images/train_val/778.jpg,group_19
dataset_origin/images/train_val/780.jpg,group_19
dataset_origin/images/train_val/781.jpg,group_19
dataset_origin/images/train_val/782.jpg,group_19
dataset_origin/images/train_val/788.jpg,group_19
dataset_origin/images/train_val/789.jpg,group_19
dataset_origin/images/train_val/791.jpg,group_19
dataset_origin/images/train_val/792.jpg,group_19
dataset_origin/images/train_val/795.jpg,group_19
dataset_origin/images/train_val/80.jpg,group_19
dataset_origin/images/train_val/805.jpg,group_19
dataset_origin/images/train_val/806.jpg,group_19
dataset_origin/images/train_val/807.jpg,group_19
dataset_origin/images/train_val/809.jpg,group_19
dataset_origin/images/train_val/813.jpg,group_19
dataset_origin/images/train_val/82.jpg,group_19
dataset_origin/images/train_val/84.jpg,group_19
dataset_origin/images/train_val/86.jpg,group_19
dataset_origin/images/train_val/88.jpg,group_19
dataset_origin/images/train_val/899.jpg,group_19
dataset_origin/images/train_val/90.jpg,group_19
dataset_origin/images/train_val/900.jpg,group_19
dataset_origin/images/train_val/901.jpg,group_19
dataset_origin/images/train_val/942.jpg,group_19
dataset_origin/images/train_val/944.jpg,group_19
dataset_origin/images/train_val/946.jpg,group_19
dataset_origin/images/train_val/961.jpg,group_19
dataset_origin/images/train_val/962.jpg,group_19
dataset_origin/images/train_val/975.jpg,group_19
dataset_origin/images/train_val/976.jpg,group_19
